country,year,result,result_change,,result_rescaled,result_rescaled_change
Afghanistan ,2015,52.22451375,0,,9.69539674,0
Afghanistan ,2016,51.41051169,0.81400206,,9.457233996,0.238162744
Afghanistan ,2017,51.8857013,-0.47518961,,9.596266152,-0.139032156
Afghanistan ,2018,51.94647481,-0.06077351,,9.614047416,-0.017781264
Albania ,2015,27.32295813,0,,2.409637773,0
Albania ,2016,27.17541473,0.1475434,,2.366469159,0.043168614
Albania ,2017,26.54725099,0.62816374,,2.182679453,0.183789707
Albania ,2018,26.31159379,0.2356572,,2.113730284,0.068949169
Algeria ,2015,31.51137685,0,,3.635095721,0
Algeria ,2016,33.21874847,-1.70737162,,4.134642749,-0.499547027
Algeria ,2017,33.78450391,-0.56575544,,4.30017288,-0.165530131
Algeria ,2018,34.2571794,-0.47267549,,4.438469448,-0.138296568
Angola ,2015,33.70300617,0,,4.276328069,0
Angola ,2016,28.28474022,5.41826595,,2.691038365,1.585289704
Angola ,2017,35.07434276,-6.78960254,,4.677557133,-1.986518768
Angola ,2018,29.09174455,5.98259821,,2.927153696,1.750403437
Argentina ,2015,35.41735453,0,,4.777916368,0
Argentina ,2016,34.74663787,0.67071666,,4.581676423,0.196239946
Argentina ,2017,34.03516267,0.7114752,,4.373511242,0.20816518
Argentina ,2018,34.44970838,-0.41454571,,4.494800055,-0.121288813
Armenia ,2015,20.21380419,0,,0.329623864,0
Armenia ,2016,20.43314609,-0.2193419,,0.393799462,-0.064175598
Armenia ,2017,20.17619078,0.25695531,,0.318618839,0.075180623
Armenia ,2018,19.90877509,0.26741569,,0.240377693,0.078241146
Australia ,2015,35.937179,0,,4.930007902,0
Australia ,2016,35.91298913,0.02418987,,4.92293037,0.007077532
Australia ,2017,36.19646926,-0.28348013,,5.00587169,-0.08294132
Australia ,2018,36.27148179,-0.07501253,,5.027819042,-0.021947352
Azerbaijan ,2015,28.31491399,0,,2.699866682,0
Azerbaijan ,2016,28.15011954,0.16479445,,2.651650712,0.048215969
Azerbaijan ,2017,27.64462858,0.50549096,,2.503752912,0.1478978
Azerbaijan ,2018,22.51027796,5.13435062,,1.001531861,1.502221051
Bahrain ,2015,20.33823557,0,,0.366030306,0
Bahrain ,2016,20.24621921,0.09201636,,0.339107931,0.026922375
Bahrain ,2017,20.61597546,-0.36975625,,0.447292133,-0.108184202
Bahrain ,2018,21.23449364,-0.61851818,,0.628259717,-0.180967585
Bangladesh ,2015,36.2416067,0,,5.019078114,0
Bangladesh ,2016,40.72643679,-4.48483009,,6.331260837,-1.312182722
Bangladesh ,2017,40.31976416,0.40667263,,6.212275549,0.118985288
Bangladesh ,2018,35.70118808,4.61857608,,4.860961093,1.351314456
Belarus ,2015,20.16540981,0,,0.315464516,0
Belarus ,2016,20.62264778,-0.45723797,,0.449244336,-0.13377982
Belarus ,2017,20.24166739,0.38098039,,0.337776148,0.111468188
Belarus ,2018,20.11901084,0.12265655,,0.30188899,0.035887158
Benin ,2015,34.85895297,0,,4.614537853,0
Benin ,2016,34.80137196,0.05758101,,4.597690658,0.016847195
Benin ,2017,35.49165386,-0.6902819,,4.799655051,-0.201964392
Benin ,2018,35.67714278,-0.18548892,,4.853925859,-0.054270809
Bhutan ,2015,22.94755788,0,,1.129472306,0
Bhutan ,2016,22.67286105,0.27469683,,1.049100825,0.080371481
Bhutan ,2017,20.98378735,1.6890737,,0.554907448,0.494193377
Bhutan ,2018,22.35305455,-1.3692672,,0.955531045,-0.400623597
Bolivia ,2015,35.03113611,0,,4.664915624,0
Bolivia ,2016,34.98649731,0.0446388,,4.651855093,0.013060531
Bolivia ,2017,33.28137216,1.70512515,,4.152965343,0.49888975
Bolivia ,2018,32.60884707,0.67252509,,3.956196283,0.196769061
Bosnia and Herzegovina ,2015,21.4071016,0,,0.678761783,0
Bosnia and Herzegovina ,2016,20.7750897,0.6320119,,0.493846172,0.184915611
Bosnia and Herzegovina ,2017,21.54302026,-0.76793056,,0.718529202,-0.22468303
Bosnia and Herzegovina ,2018,21.42169319,0.12132707,,0.683031026,0.035498175
Botswana ,2015,25.96033741,0,,2.01095882,0
Botswana ,2016,24.03920093,1.92113648,,1.448867939,0.562090881
Botswana ,2017,23.85777712,0.18142381,,1.395786511,0.053081429
Botswana ,2018,23.84693968,0.01083744,,1.392615665,0.003170845
Brazil ,2015,39.27588222,0,,5.906853979,0
Brazil ,2016,38.68591817,0.58996405,,5.734240833,0.172613146
Brazil ,2017,44.69628255,-6.01036438,,7.492768165,-1.758527332
Brazil ,2018,46.0212119,-1.32492935,,7.880419284,-0.387651119
Burkina Faso ,2015,38.90597769,0,,5.798626393,0
Burkina Faso ,2016,39.97883807,-1.07286038,,6.112526547,-0.313900154
Burkina Faso ,2017,39.02504231,0.95379576,,5.833462616,0.279063931
Burkina Faso ,2018,44.44689833,-5.42185602,,7.419802711,-1.586340095
Burundi ,2016,37.95839994,0,,5.521381743,0
Burundi ,2017,40.02414011,-2.06574017,,6.12578113,-0.604399388
Burundi ,2018,37.75809715,2.26604296,,5.462776655,0.663004475
Cambodia ,2015,36.88675181,0,,5.207836272,0
Cambodia ,2016,36.58207369,0.30467812,,5.118692792,0.089143481
Cambodia ,2017,37.22121897,-0.63914528,,5.305695504,-0.187002713
Cambodia ,2018,35.80836777,1.4128512,,4.892319993,0.413375512
Cameroon ,2015,43.83578643,0,,7.241002074,0
Cameroon ,2016,41.40678001,2.42900642,,6.530317345,0.710684729
Cameroon ,2017,43.5245834,-2.11780339,,7.149949519,-0.619632174
Cameroon ,2018,46.49354095,-2.96895755,,8.01861449,-0.868664971
Canada ,2015,34.89026148,0,,4.623698175,0
Canada ,2016,34.19045664,0.69980484,,4.418947537,0.204750637
Canada ,2017,33.91888552,0.27157112,,4.339490585,0.079456953
Canada ,2018,34.34709571,-0.42821019,,4.464777385,-0.125286801
Chile ,2015,34.54204624,0,,4.521816495,0
Chile ,2016,33.94484965,0.59719659,,4.347087235,0.174729261
Chile ,2017,33.46347609,0.48137356,,4.206245763,0.140841471
Chile ,2018,33.09256765,0.37090844,,4.097724451,0.108521312
China ,2015,25.59610209,0,,1.904389946,0
China ,2016,25.86566669,-0.2695646,,1.983259826,-0.07886988
China ,2017,25.12071967,0.74494702,,1.765301377,0.217958449
China ,2018,24.97143451,0.14928516,,1.721623155,0.043678223
Colombia ,2016,41.53048116,0,,6.566510135,0
Colombia ,2017,37.07959282,4.45088834,,5.264258174,1.302251961
Colombia ,2018,39.45054377,-2.37095095,,5.957956889,-0.693698715
Comoros ,2015,28.63458988,0,,2.793398247,0
Comoros ,2016,28.92903745,-0.29444757,,2.879548448,-0.086150201
Comoros ,2017,29.06049478,-0.13145733,,2.91801056,-0.038462112
Comoros ,2018,28.78021341,0.28028137,,2.836005141,0.082005419
Congo ,2015,30.90183871,0,,3.456755539,0
Congo ,2016,35.2295424,-4.32770369,,4.722965829,-1.26621029
Congo ,2017,31.83169805,3.39784435,,3.728816093,0.994149736
Congo ,2018,30.7361297,1.09556835,,3.408271985,0.320544108
Costa Rica ,2015,30.62356086,0,,3.375336315,0
Costa Rica ,2016,29.75581964,0.86774122,,3.121450434,0.25388588
Costa Rica ,2017,30.35572677,-0.59990713,,3.296972752,-0.175522317
Costa Rica ,2018,30.04333565,0.31239112,,3.205572582,0.091400169
Cote D'Ivoire ,2015,35.4340989,0,,4.782815477,0
Cote D'Ivoire ,2016,41.28452366,-5.85042476,,6.494547279,-1.711731801
Cote D'Ivoire ,2017,36.07812786,5.2063958,,4.971247069,1.523300209
Cote D'Ivoire ,2018,35.89488183,0.18324603,,4.917632491,0.053614578
Dominican Republic ,2015,29.34887879,0,,3.00238667,0
Dominican Republic ,2016,28.63163393,0.71724486,,2.792533388,0.209853282
Dominican Republic ,2017,29.35593861,-0.72430468,,3.00445225,-0.211918861
Dominican Republic ,2018,28.98495455,0.37098406,,2.895908812,0.108543437
Ecuador ,2015,33.18789879,0,,4.125616673,0
Ecuador ,2016,32.511429,0.67646979,,3.927693462,0.197923211
Ecuador ,2017,32.85778235,-0.34635335,,4.029030385,-0.101336923
Ecuador ,2018,33.11156328,-0.25378093,,4.10328224,-0.074251855
Egypt ,2016,35.62758166,0,,4.839425144,0
Egypt ,2017,41.63283268,-6.00525102,,6.596456396,-1.757031253
Egypt ,2018,40.53048187,1.10235081,,6.27392786,0.322528537
El Salvador ,2015,34.69193767,0,,4.565672102,0
El Salvador ,2016,34.33467534,0.35726233,,4.461143403,0.104528699
El Salvador ,2017,34.02802244,0.3066529,,4.371422136,0.089721267
El Salvador ,2018,33.37713128,0.65089116,,4.180982784,0.190439352
Ethiopia ,2015,44.58014762,0,,7.458789119,0
Ethiopia ,2016,47.38018731,-2.80003969,,8.278031683,-0.819242564
Ethiopia ,2017,46.48898098,0.89120633,,8.017280322,0.260751361
Ethiopia ,2018,46.47704612,0.01193486,,8.013788391,0.003491931
Gabon ,2015,26.33490048,0,,2.120549413,0
Gabon ,2016,28.48911276,-2.15421228,,2.75083419,-0.630284777
Gabon ,2017,29.24067524,-0.75156248,,2.970728207,-0.219894016
Gabon ,2018,28.60431377,0.63636147,,2.784539988,0.186188219
Gambia ,2015,28.99966623,0,,2.900213192,0
Gambia ,2016,28.13460589,0.86506034,,2.64711169,0.253101502
Gambia ,2017,30.71637331,-2.58176742,,3.402491612,-0.755379921
Gambia ,2018,31.03967955,-0.32330624,,3.497085354,-0.094593742
Georgia ,2015,23.07856091,0,,1.167801497,0
Georgia ,2016,22.41193821,0.6666227,,0.972759373,0.195042125
Georgia ,2017,22.85175099,-0.43981278,,1.101440888,-0.128681515
Georgia ,2018,22.28858168,0.56316931,,0.936667413,0.164773475
Ghana ,2015,40.3939929,0,,6.233993578,0
Ghana ,2016,39.89321198,0.50078092,,6.087473853,0.146519725
Ghana ,2017,40.18306598,-0.289854,,6.172280056,-0.084806203
Ghana ,2018,39.89428774,0.28877824,,6.087788602,0.084491454
Guatemala ,2015,37.82192716,0,,5.481452198,0
Guatemala ,2016,37.38288713,0.43904003,,5.352996776,0.128455422
Guatemala ,2017,37.23336533,0.1495218,,5.309249317,0.043747459
Guatemala ,2018,36.9782822,0.25508313,,5.234616461,0.074632855
Guinea ,2015,34.80265694,0,,4.598066621,0
Guinea ,2016,36.4576485,-1.65499156,,5.082288161,-0.484221539
Guinea ,2017,35.85450696,0.60314154,,4.905819511,0.176468649
Guinea ,2018,35.50665079,0.34785617,,4.80404289,0.101776622
Guyana ,2015,23.10793022,0,,1.176394443,0
Guyana ,2016,22.77589782,0.3320324,,1.079247579,0.097146864
Guyana ,2017,22.08352453,0.69237329,,0.876671283,0.202576296
Guyana ,2018,22.28774314,-0.20421861,,0.936422071,-0.059750788
Haiti ,2015,31.44384547,0,,3.615337222,0
Haiti ,2016,33.67065607,-2.2268106,,4.266862996,-0.651525774
Haiti ,2017,35.00326335,-1.33260728,,4.656760543,-0.389897546
Haiti ,2018,33.33166502,1.67159833,,4.167680153,0.489080389
Honduras ,2015,36.44504167,0,,5.078599623,0
Honduras ,2016,36.92379182,-0.47875015,,5.21867353,-0.140073907
Honduras ,2017,36.3412025,0.58258932,,5.048218101,0.17045543
Honduras ,2018,35.20060216,1.14060034,,4.714498422,0.333719679
India ,2015,44.19348779,0,,7.345659226,0
India ,2016,44.5134706,-0.31998281,,7.439280591,-0.093621365
India ,2017,44.05089391,0.46257669,,7.303938754,0.135341836
India ,2018,44.01503418,0.03585973,,7.293446825,0.010491929
Indonesia ,2015,39.74747939,0,,6.04483505,0
Indonesia ,2016,37.63489672,2.11258267,,5.426730368,0.618104682
Indonesia ,2017,38.76043665,-1.12553993,,5.756043635,-0.329313267
Indonesia ,2018,42.25154966,-3.49111301,,6.777482146,-1.021438512
Iran ,2015,24.46776702,0,,1.57425887,0
Iran ,2016,28.9232509,-4.45548388,,2.877855405,-1.303596535
Iran ,2017,28.78038508,0.14286582,,2.836055369,0.041800036
Iran ,2018,29.57267744,-0.79229236,,3.067866235,-0.231810866
Iraq ,2015,48.40149137,0,,8.57684736,0
Iraq ,2016,48.33722349,0.06426788,,8.558043704,0.018803656
Iraq ,2017,48.40839434,-0.07117085,,8.578867048,-0.020823344
Iraq ,2018,45.90646577,2.50192857,,7.846846576,0.732020473
Israel ,2015,24.44300335,0,,1.567013454,0
Israel ,2016,25.03176979,-0.58876644,,1.739276201,-0.172262747
Israel ,2017,25.50848933,-0.47671954,,1.878755987,-0.139479787
Israel ,2018,29.51344978,-4.00496045,,3.050537259,-1.171781272
Jamaica ,2015,28.60964532,0,,2.786099906,0
Jamaica ,2016,28.23256402,0.3770813,,2.675772523,0.110327383
Jamaica ,2017,28.19100704,0.04155698,,2.663613679,0.012158844
Jamaica ,2018,27.8665483,0.32445874,,2.568682735,0.094930944
Japan ,2015,36.81436881,0,,5.186658274,0
Japan ,2016,37.38345798,-0.56908917,,5.353163797,-0.166505522
Japan ,2017,37.86392096,-0.48046298,,5.493738848,-0.140575052
Japan ,2018,38.18023567,-0.31631471,,5.586286991,-0.092548143
Jordan ,2015,26.01612784,0,,2.027282123,0
Jordan ,2016,30.29997159,-4.28384375,,3.280659763,-1.25337764
Jordan ,2017,26.12706861,4.17290298,,2.059741449,1.220918314
Jordan ,2018,25.58473582,0.54233279,,1.901064375,0.158677074
Kazakhstan ,2015,25.21383251,0,,1.792544563,0
Kazakhstan ,2016,25.85432335,-0.64049084,,1.979940963,-0.1873964
Kazakhstan ,2017,24.73306307,1.12126028,,1.651879847,0.328061116
Kazakhstan ,2018,23.47911697,1.2539461,,1.284997184,0.366882663
Kenya ,2015,41.10402528,0,,6.441736614,0
Kenya ,2016,40.18656666,0.91745862,,6.173304294,0.268432321
Kenya ,2017,40.04180782,0.14475884,,6.130950393,0.042353901
Kenya ,2018,39.47284241,0.56896541,,5.964481081,0.166469312
Korea Rep. ,2015,35.4602655,0,,4.790471366,0
Korea Rep. ,2016,35.17894346,0.28132204,,4.708161465,0.082309901
Korea Rep. ,2017,35.14528642,0.03365704,,4.698314005,0.00984746
Korea Rep. ,2018,34.69022198,0.45506444,,4.565170121,0.133143884
Kuwait ,2015,21.32685743,0,,0.655283744,0
Kuwait ,2016,21.483634,-0.15677657,,0.701153822,-0.045870078
Kuwait ,2017,21.06999872,0.41363528,,0.580131385,0.121022437
Kuwait ,2018,19.41162143,1.65837729,,0.09491924,0.485212145
Kyrgyz Republic ,2015,31.37147671,0,,3.594163391,0
Kyrgyz Republic ,2016,30.6506447,0.72083201,,3.383260572,0.210902819
Kyrgyz Republic ,2017,26.16506781,4.48557689,,2.070859349,1.312401223
Kyrgyz Republic ,2018,27.52084057,-1.35577276,,2.467534709,-0.39667536
Lao PDR ,2015,25.80854581,0,,1.966547257,0
Lao PDR ,2016,26.24359377,-0.43504796,,2.093834669,-0.127287412
Lao PDR ,2017,25.06850874,1.17508503,,1.750025374,0.343809295
Lao PDR ,2018,24.84732364,0.2211851,,1.685310488,0.064714886
Lebanon ,2015,33.51348113,0,,4.220876362,0
Lebanon ,2016,31.52438996,1.98909117,,3.638903129,0.581973233
Lebanon ,2017,33.24996863,-1.72557867,,4.143777221,-0.504874091
Lebanon ,2018,27.14057393,6.1093947,,2.356275351,1.787501869
Lesotho ,2015,26.97052776,0,,2.306522821,0
Lesotho ,2016,26.93565335,0.03487441,,2.296319179,0.010203641
Lesotho ,2017,26.33078003,0.60487332,,2.119343842,0.176975338
Lesotho ,2018,26.31197007,0.01880996,,2.113840377,0.005503465
Libya ,2017,34.14309716,0,,4.405090983,0
Libya ,2018,34.86563049,-0.72253333,,4.616491579,-0.211400596
Madagascar ,2015,42.57963156,0,,6.873473163,0
Madagascar ,2016,41.49411208,1.08551948,,6.555869179,0.317603984
Madagascar ,2017,41.36967978,0.1244323,,6.519462468,0.036406711
Madagascar ,2018,41.42645291,-0.05677313,,6.536073291,-0.016610823
Malawi ,2015,40.33272482,0,,6.216067611,0
Malawi ,2016,40.36266191,-0.02993709,,6.224826679,-0.008759068
Malawi ,2017,41.1489977,-0.78633579,,6.454894757,-0.230068078
Malawi ,2018,40.40161128,0.74738642,,6.236222582,0.218672174
Malaysia ,2015,32.2813832,0,,3.860386091,0
Malaysia ,2016,31.76884602,0.51253718,,3.71042669,0.149959401
Malaysia ,2017,31.2621284,0.50671762,,3.562169991,0.148256699
Malaysia ,2018,30.87719823,0.38493017,,3.449546166,0.112623825
Mali ,2017,47.37636613,0,,8.276913673,0
Mali ,2018,47.35108071,0.02528542,,8.269515602,0.007398071
Mauritania ,2015,27.55890133,0,,2.478670621,0
Mauritania ,2016,26.80163996,0.75726137,,2.257109209,0.221561412
Mauritania ,2017,26.74123529,0.06040467,,2.239435861,0.017673348
Mauritania ,2018,25.61618572,1.12504957,,1.910266064,0.329169796
Mauritius ,2015,22.99284532,0,,1.142722617,0
Mauritius ,2016,20.93897435,2.05387097,,0.54179595,0.600926668
Mauritius ,2017,23.72892397,-2.78994962,,1.358086336,-0.816290386
Mauritius ,2018,23.34944698,0.37947699,,1.247058016,0.11102832
Mexico ,2015,49.69938532,0,,8.956588395,0
Mexico ,2016,48.86519727,0.83418805,,8.712519584,0.244068811
Mexico ,2017,49.15027953,-0.28508226,,8.795929659,-0.083410075
Mexico ,2018,49.12853971,0.02173982,,8.789568969,0.006360691
Moldova ,2015,24.46512678,0,,1.573486382,0
Moldova ,2016,24.15866005,0.30646673,,1.483819585,0.089666797
Moldova ,2017,24.08522473,0.07343532,,1.462333697,0.021485888
Moldova ,2018,24.32292065,-0.23769592,,1.531879359,-0.069545662
Mongolia ,2015,28.90139421,0,,2.871460521,0
Mongolia ,2016,25.58537835,3.31601586,,1.901252368,0.970208153
Mongolia ,2017,30.24115728,-4.65577893,,3.263451726,-1.362199358
Mongolia ,2018,29.48997656,0.75118072,,3.043669406,0.21978232
Montenegro ,2015,22.45418897,0,,0.985121205,0
Montenegro ,2016,20.24100405,2.21318492,,0.337582066,0.647539139
Montenegro ,2017,21.45808722,-1.21708317,,0.693679282,-0.356097216
Montenegro ,2018,21.13436656,0.32372066,,0.598964288,0.094714994
Morocco ,2015,28.14772667,0,,2.650950601,0
Morocco ,2016,27.94860531,0.19912136,,2.592691179,0.058259422
Morocco ,2017,28.17906635,-0.23046104,,2.660120042,-0.067428863
Morocco ,2018,28.12614798,0.05291837,,2.644637054,0.015482988
Mozambique ,2015,43.34452012,0,,7.097266157,0
Mozambique ,2016,48.4322704,-5.08775028,,8.585852765,-1.488586608
Mozambique ,2017,44.47528307,3.95698733,,7.428107588,1.157745177
Mozambique ,2018,49.27088515,-4.79560208,,8.831216751,-1.403109163
Myanmar ,2015,45.68252738,0,,7.781326126,0
Myanmar ,2016,43.69764558,1.9848818,,7.200584481,0.580741645
Myanmar ,2017,47.72996345,-4.03231787,,8.380370054,-1.179785573
Myanmar ,2018,42.41143912,5.31852433,,6.824263002,1.556107053
Namibia ,2015,28.01545916,0,,2.612251444,0
Namibia ,2016,26.84486592,1.17059324,,2.269756368,0.342495076
Namibia ,2017,25.21258184,1.63228408,,1.792178639,0.477577729
Namibia ,2018,24.93742187,0.27515997,,1.711671652,0.080506987
Nepal ,2015,38.49586284,0,,5.678633972,0
Nepal ,2016,37.99911307,0.49674977,,5.533293691,0.145340281
Nepal ,2017,38.30125374,-0.30214067,,5.621694759,-0.088401067
Nepal ,2018,37.98412857,0.31712517,,5.528909489,0.09278527
New Zealand ,2015,21.90773027,0,,0.825236962,0
New Zealand ,2016,24.11144602,-2.20371575,,1.470005587,-0.644768625
New Zealand ,2017,24.3277791,-0.21633308,,1.533300857,-0.06329527
New Zealand ,2018,24.24103569,0.08674341,,1.507921255,0.025379602
Nicaragua ,2015,33.36984232,0,,4.178850162,0
Nicaragua ,2016,32.24390915,1.12593317,,3.84942184,0.329428322
Nicaragua ,2017,31.83802461,0.40588454,,3.730667134,0.118754706
Nicaragua ,2018,35.68065227,-3.84262766,,4.854952675,-1.124285541
Niger ,2015,47.28710738,0,,8.250798126,0
Niger ,2016,43.90253156,3.38457582,,7.26053053,0.990267596
Niger ,2017,46.28814638,-2.38561482,,7.958519636,-0.697989107
Niger ,2018,49.35165982,-3.06351344,,8.854850004,-0.896330368
Nigeria ,2015,50.8941368,0,,9.306151749,0
Nigeria ,2016,53.26559884,-2.37146204,,10,-0.693848251
Nigeria ,2017,52.6695761,0.59602274,,9.825614187,0.174385813
Nigeria ,2018,51.47743349,1.19214261,,9.476814142,0.348800045
Norway ,2015,24.72453308,0,,1.649384121,0
Norway ,2016,21.93179591,2.79273717,,0.832278147,0.817105975
Norway ,2017,25.02374359,-3.09194768,,1.736927875,-0.904649729
Norway ,2018,22.2986836,2.72505999,,0.939623058,0.797304817
Oman ,2015,20.49522024,0,,0.41196127,0
Oman ,2016,23.16076042,-2.66554018,,1.191851634,-0.779890364
Oman ,2017,23.01092389,0.14983653,,1.14801209,0.043839544
Oman ,2018,23.27579263,-0.26486874,,1.225508044,-0.077495954
Pakistan ,2015,47.86162157,0,,8.418890914,0
Pakistan ,2016,44.83622468,3.02539689,,7.533712781,0.885178133
Pakistan ,2017,44.76103379,0.07519089,,7.511713243,0.021999537
Pakistan ,2018,41.49300691,3.26802688,,6.555545825,0.956167418
Panama ,2015,29.58959331,0,,3.072815522,0
Panama ,2016,29.4129405,0.17665281,,3.021130004,0.051685518
Panama ,2017,30.59845665,-1.18551615,,3.367991263,-0.346861258
Panama ,2018,30.66639455,-0.0679379,,3.387868702,-0.019877439
Papua New Guinea ,2015,34.63011538,0,,4.547583983,0
Papua New Guinea ,2016,33.78236301,0.84775237,,4.29954649,0.248037493
Papua New Guinea ,2017,34.17814342,-0.39578041,,4.415344905,-0.115798415
Papua New Guinea ,2018,35.63390617,-1.45576275,,4.841275585,-0.42593068
Paraguay ,2015,34.11005117,0,,4.395422305,0
Paraguay ,2016,34.04815045,0.06190072,,4.377311239,0.018111066
Paraguay ,2017,33.52742792,0.52072253,,4.224956948,0.152354291
Paraguay ,2018,32.19550826,1.33191966,,3.835260588,0.389696361
Peru ,2015,35.70318985,0,,4.861546776,0
Peru ,2016,35.10983268,0.59335717,,4.687940862,0.173605914
Peru ,2017,34.09442352,1.01540916,,4.390849929,0.297090933
Peru ,2018,33.81379487,0.28062865,,4.308742902,0.082107027
Philippines ,2015,47.60195622,0,,8.342917381,0
Philippines ,2016,48.10707514,-0.50511892,,8.490706329,-0.147788948
Philippines ,2017,51.50525264,-3.3981775,,9.484953538,-0.99424721
Philippines ,2018,48.02488191,3.48037073,,8.46665803,1.018295509
Qatar ,2015,19.93886752,0,,0.24918221,0
Qatar ,2016,20.4789417,-0.54007418,,0.407198455,-0.158016244
Qatar ,2017,20.80298473,-0.32404303,,0.502007769,-0.094809314
Qatar ,2018,19.08720269,1.71578204,,0,0.502007769
Russian Federation ,2015,31.63321338,0,,3.670742956,0
Russian Federation ,2016,31.94635814,-0.31314476,,3.762363627,-0.091620671
Russian Federation ,2017,31.18637209,0.75998605,,3.540005022,0.222358605
Russian Federation ,2018,30.69134144,0.49503065,,3.395167725,0.144837297
Rwanda ,2015,35.18091736,0,,4.708738994,0
Rwanda ,2016,41.22181357,-6.04089621,,6.476199405,-1.767460411
Rwanda ,2017,35.96223614,5.25957743,,4.937339182,1.538860222
Rwanda ,2018,40.4371828,-4.47494666,,6.246630186,-1.309291004
Saudi Arabia ,2015,23.03566069,0,,1.155249644,0
Saudi Arabia ,2016,22.97513015,0.06053054,,1.137539469,0.017710176
Saudi Arabia ,2017,21.34218011,1.63295004,,0.659766892,0.477772577
Saudi Arabia ,2018,21.28097581,0.0612043,,0.641859586,0.017907306
Senegal ,2015,37.5456527,0,,5.400619131,0
Senegal ,2016,37.98203065,-0.43637795,,5.528295675,-0.127676544
Senegal ,2017,37.37731122,0.60471943,,5.351365362,0.176930312
Senegal ,2018,37.26882068,0.10849054,,5.319622931,0.031742432
Serbia ,2015,28.28088077,0,,2.689909158,0
Serbia ,2016,28.40674765,-0.12586688,,2.726735602,-0.036826444
Serbia ,2017,28.39513199,0.01161566,,2.723337063,0.003398539
Serbia ,2018,28.51289798,-0.11776599,,2.757793329,-0.034456266
Sierra Leone ,2015,35.57580285,0,,4.824275571,0
Sierra Leone ,2016,36.4995656,-0.92376275,,5.09455237,-0.270276799
Sierra Leone ,2017,38.22870833,-1.72914273,,5.600469243,-0.505916873
Sierra Leone ,2018,38.21897028,0.00973805,,5.59762006,0.002849183
Singapore ,2015,22.61240869,0,,1.031413523,0
Singapore ,2016,21.37419675,1.23821194,,0.6691344,0.362279124
Singapore ,2017,21.19679558,0.17740117,,0.617229925,0.051904475
Singapore ,2018,20.99613528,0.2006603,,0.558520236,0.058709689
Solomon Islands ,2015,32.6539245,0,,3.969385149,0
Solomon Islands ,2016,32.93144055,-0.27751605,,4.050581484,-0.081196335
Solomon Islands ,2017,33.36356799,-0.43212744,,4.177014403,-0.126432919
Solomon Islands ,2018,32.58240354,0.78116445,,3.948459369,0.228555034
South Africa ,2015,31.41626959,0,,3.607269003,0
South Africa ,2016,31.02102594,0.39524365,,3.491627634,0.115641368
South Africa ,2017,30.95010841,0.07091753,,3.470878407,0.020749227
South Africa ,2018,30.88971943,0.06038898,,3.45320965,0.017668758
Sri Lanka ,2015,28.09074756,0,,2.634279511,0
Sri Lanka ,2016,28.24960651,-0.15885895,,2.680758857,-0.046479346
Sri Lanka ,2017,28.87027355,-0.62066704,,2.862355161,-0.181596303
Sri Lanka ,2018,28.93715904,-0.06688549,,2.881924683,-0.019569523
Sudan ,2017,43.40902961,0,,7.116140504,0
Sudan ,2018,45.57517067,-2.16614106,,7.749915433,-0.633774929
Suriname ,2015,22.62455886,0,,1.03496845,0
Suriname ,2016,23.25416617,-0.62960731,,1.21918052,-0.18421207
Suriname ,2017,21.17230886,2.08185731,,0.61006554,0.60911498
Suriname ,2018,21.19443814,-0.02212928,,0.61654018,-0.00647464
Switzerland ,2015,26.17622782,0,,2.074124572,0
Switzerland ,2016,29.3044474,-3.12821958,,2.989386824,-0.915262251
Switzerland ,2017,29.94250414,-0.63805674,,3.176071049,-0.186684225
Switzerland ,2018,26.68996284,3.2525413,,2.22443444,0.951636609
Syrian Arab Republic ,2015,43.4966803,0,,7.14178556,0
Syrian Arab Republic ,2016,40.02275304,3.47392726,,6.125375298,1.016410262
Syrian Arab Republic ,2017,43.50430098,-3.48154794,,7.144015238,-1.01863994
Syrian Arab Republic ,2018,43.21677994,0.28752104,,7.059891618,0.08412362
Tajikistan ,2015,28.20242213,0,,2.666953534,0
Tajikistan ,2016,29.1905356,-0.98811347,,2.956058226,-0.289104692
Tajikistan ,2017,28.73214769,0.45838791,,2.821941954,0.134116273
Tajikistan ,2018,28.44204787,0.29009982,,2.737063828,0.084878126
Tanzania ,2015,39.05450087,0,,5.842081674,0
Tanzania ,2016,37.86221453,1.19228634,,5.493239577,0.348842097
Tanzania ,2017,38.42548671,-0.56327218,,5.65804315,-0.164803573
Tanzania ,2018,38.10656273,0.31892398,,5.56473158,0.09331157
Thailand ,2015,37.42822592,0,,5.366262112,0
Thailand ,2016,37.73008716,-0.30186124,,5.454581423,-0.088319311
Thailand ,2017,37.29823614,0.43185102,,5.328229379,0.126352044
Thailand ,2018,37.21550231,0.08273383,,5.30402291,0.024206469
Timor Leste ,2015,33.28034739,0,,4.152665514,0
Timor Leste ,2016,32.31228191,0.96806548,,3.869426512,0.283239002
Timor Leste ,2017,32.48314873,-0.17086682,,3.91941915,-0.049992638
Timor Leste ,2018,32.77690097,-0.29375224,,4.00536591,-0.08594676
Togo ,2015,31.19216603,0,,3.541700227,0
Togo ,2016,31.42586926,-0.23370323,,3.610077698,-0.068377471
Togo ,2017,33.12223395,-1.69636469,,4.106404291,-0.496326593
Togo ,2018,32.99496011,0.12727384,,4.069166195,0.037238096
Tunisia ,2015,28.51773129,0,,2.759207471,0
Tunisia ,2016,31.23703239,-2.7193011,,3.554827338,-0.795619867
Tunisia ,2017,27.94618304,3.29084935,,2.591982465,0.962844873
Tunisia ,2018,27.91809331,0.02808973,,2.583763902,0.008218563
Turkey ,2016,40.91939956,0,,6.387718363,0
Turkey ,2017,38.49804304,2.42135652,,5.679271861,0.708446502
Turkey ,2018,38.53406163,-0.03601859,,5.689810269,-0.010538408
Turkmenistan ,2015,21.54797539,0,,0.719978986,0
Turkmenistan ,2016,21.50104043,0.04693496,,0.706246639,0.013732347
Turkmenistan ,2017,20.92370383,0.5773366,,0.537328063,0.168918576
Turkmenistan ,2018,20.75614557,0.16755826,,0.488303451,0.049024612
Uganda ,2015,46.35340406,0,,7.97761289,0
Uganda ,2016,46.52657933,-0.17317527,,8.028280941,-0.05066805
Uganda ,2017,47.27989775,-0.75331842,,8.248688714,-0.220407774
Uganda ,2018,47.31251723,-0.03261948,,8.258232603,-0.009543888
Ukraine ,2015,40.74514209,0,,6.33673368,0
Ukraine ,2016,35.21524189,5.5299002,,4.71878175,1.61795193
Ukraine ,2017,34.55783527,0.65740662,,4.526436089,0.192345661
Ukraine ,2018,34.16915628,0.38867899,,4.412715425,0.113720664
United Arab Emirates ,2015,23.8187524,0,,1.384368561,0
United Arab Emirates ,2016,24.88326468,-1.06451228,,1.695826207,-0.311457646
United Arab Emirates ,2017,24.51408667,0.36917801,,1.587811188,0.108015019
United Arab Emirates ,2018,24.66763034,-0.15354367,,1.632735376,-0.044924188
United States ,2015,37.03914631,0,,5.252424233,0
United States ,2016,34.56249449,2.47665182,,4.527799295,0.724624938
United States ,2017,34.68140114,-0.11890665,,4.562589298,-0.034790003
United States ,2018,34.73350438,-0.05210324,,4.577833793,-0.015244495
Uruguay ,2015,28.61906114,0,,2.78885481,0
Uruguay ,2016,25.38702054,3.2320406,,1.843216347,0.945638463
Uruguay ,2017,27.35745547,-1.97043493,,2.419731091,-0.576514744
Uruguay ,2018,27.20567704,0.15177843,,2.375323381,0.04440771
Uzbekistan ,2015,25.97607542,0,,2.015563486,0
Uzbekistan ,2016,26.14748876,-0.17141334,,2.065716027,-0.050152541
Uzbekistan ,2017,25.55319582,0.59429294,,1.891836323,0.173879704
Uzbekistan ,2018,24.61183625,0.94135957,,1.616411003,0.27542532
Venezuela ,2015,33.56129926,0,,4.234867109,0
Venezuela ,2016,33.18946632,0.37183294,,4.126075304,0.108791805
Venezuela ,2017,28.21520081,4.97426551,,2.670692352,1.455382952
Venezuela ,2018,27.98503643,0.23016438,,2.603350286,0.067342066
Vietnam ,2015,31.58365421,0,,3.656242811,0
Vietnam ,2016,31.33169524,0.25195897,,3.58252403,0.073718781
Vietnam ,2017,30.93896037,0.39273487,,3.467616686,0.114907343
Vietnam ,2018,30.43983339,0.49912698,,3.321580875,0.146035811
Yemen ,2016,45.56746368,0,,7.747660503,0
Yemen ,2017,45.52128747,0.04617621,,7.734150153,0.01351035
Yemen ,2018,44.97335658,0.54793089,,7.573835172,0.16031498
Zambia ,2015,39.931904,0,,6.09879446,0
Zambia ,2016,30.09937187,9.83253213,,3.221967799,2.876826662
Zambia ,2017,35.5022171,-5.40284523,,4.80274567,-1.580777871
Zambia ,2018,35.17365644,0.32856066,,4.706614576,0.096131094
Zimbabwe ,2015,32.92669489,0,,4.049192987,0
Zimbabwe ,2016,31.26029802,1.66639687,,3.561634454,0.487558533
Zimbabwe ,2017,31.61635346,-0.35605544,,3.665810038,-0.104175585
Zimbabwe ,2018,32.48609663,-0.86974317,,3.920281654,-0.254471616
